<?xml version="1.0" encoding="ISO-8859-1"?>
<Employee xmlns:xsi="http://www.w3.org/2001/XMLSchema-instance"
	xsi:noNamespaceSchemaLocation="Employee.xsd">
	
	<Details>
		<Employee_Code>101</Employee_Code>
		<Employee_Name>Preetam</Employee_Name>
		<Date_of_Joining>10-JAN-2010</Date_of_Joining>
		<Salary>18000</Salary>
		<Grade>A</Grade>
		<Department_Code>20</Department_Code>
	</Details>
	
	<Details>
		<Employee_Code>102</Employee_Code>
		<Employee_Name>Aakash</Employee_Name>
		<Date_of_Joining>10-NOV-2005</Date_of_Joining>
		<Salary>48000</Salary>
		<Grade>C</Grade>
		<Department_Code>10</Department_Code>
	</Details>
	<Details>
		<Employee_Code>103</Employee_Code>
		<Employee_Name>Kishore</Employee_Name>
		<Date_of_Joining>19-DEC-2011</Date_of_Joining>
		<Salary>42000</Salary>
		<Grade>c</Grade>
		<Department_Code>40</Department_Code>
	</Details>
	<Details>
		<Employee_Code>104</Employee_Code>
		<Employee_Name>Reena</Employee_Name>
		<Date_of_Joining>23-JUN-2006</Date_of_Joining>
		<Salary>33000</Salary>
		<Grade>B</Grade>
		<Department_Code>20</Department_Code>
	</Details>
	<Details>
		<Employee_Code>105</Employee_Code>
		<Employee_Name>Kailash</Employee_Name>
		<Date_of_Joining>05-FEB-2004</Date_of_Joining>
		<Salary>36000</Salary>
		<Grade>C</Grade>
		<Department_Code>30</Department_Code>
	</Details>
	
	</Employee>